Date,Close,Volume,Open,High,Low,Year,Month,Quarter,DayOfWeek
2025-03-06,0.2047254361049545,1407399493.6843045,0.2047254361049545,0.2047254361049545,0.2047254361049545,2025,3,1,3
2025-03-07,0.20179543870507013,1745673856.792128,0.20179543870507013,0.20179543870507013,0.20179543870507013,2025,3,1,4
2025-03-08,0.19818899754056155,1799280522.9607399,0.19818899754056155,0.19818899754056155,0.19818899754056155,2025,3,1,5
2025-03-09,0.1920085565173097,920959171.3325987,0.1920085565173097,0.1920085565173097,0.1920085565173097,2025,3,1,6
2025-03-10,0.16781880397573898,1740953627.9304154,0.16781880397573898,0.16781880397573898,0.16781880397573898,2025,3,1,0
2025-03-11,0.1547380234116144,2314515671.2670493,0.1547380234116144,0.1547380234116144,0.1547380234116144,2025,3,1,1
2025-03-12,0.16453862742792452,2372987953.769865,0.16453862742792452,0.16453862742792452,0.16453862742792452,2025,3,1,2
2025-03-13,0.17243693431666607,1624350642.4645834,0.17243693431666607,0.17243693431666607,0.17243693431666607,2025,3,1,3
2025-03-14,0.1649488685474606,1450396811.6367147,0.1649488685474606,0.1649488685474606,0.1649488685474606,2025,3,1,4
2025-03-15,0.1718195561000062,1034276360.1389003,0.1718195561000062,0.1718195561000062,0.1718195561000062,2025,3,1,5
2025-03-16,0.1761459784539959,720298076.7908576,0.1761459784539959,0.1761459784539959,0.1761459784539959,2025,3,1,6
2025-03-17,0.16830195397278094,927114505.6414578,0.16830195397278094,0.16830195397278094,0.16830195397278094,2025,3,1,0
2025-03-18,0.1736204186748998,1018336232.4544977,0.1736204186748998,0.1736204186748998,0.1736204186748998,2025,3,1,1
2025-03-19,0.16827610995428421,1069389407.6757383,0.16827610995428421,0.16827610995428421,0.16827610995428421,2025,3,1,2
2025-03-20,0.17800348456939283,1320951169.9347699,0.17800348456939283,0.17800348456939283,0.17800348456939283,2025,3,1,3
2025-03-21,0.1695621495268066,1038017898.997562,0.1695621495268066,0.1695621495268066,0.1695621495268066,2025,3,1,4
2025-03-22,0.1670057513578968,762513837.5823433,0.1670057513578968,0.1670057513578968,0.1670057513578968,2025,3,1,5
2025-03-23,0.16721240679915322,436636928.7216825,0.16721240679915322,0.16721240679915322,0.16721240679915322,2025,3,1,6
2025-03-24,0.17217769230516256,571990345.4855789,0.17217769230516256,0.17217769230516256,0.17217769230516256,2025,3,1,0
2025-03-25,0.18261625231959078,1592931137.3506715,0.18261625231959078,0.18261625231959078,0.18261625231959078,2025,3,1,1
2025-03-26,0.19098207188312502,1696540510.903378,0.19098207188312502,0.19098207188312502,0.19098207188312502,2025,3,1,2
2025-03-27,0.19493224841665846,2258885477.8762884,0.19493224841665846,0.19493224841665846,0.19493224841665846,2025,3,1,3
2025-03-28,0.19074107097709586,1368405082.3626633,0.19074107097709586,0.19074107097709586,0.19074107097709586,2025,3,1,4
2025-03-29,0.18027688468027825,1384586893.3114476,0.18027688468027825,0.18027688468027825,0.18027688468027825,2025,3,1,5
2025-03-30,0.16955629560567131,1145772000.0759876,0.16955629560567131,0.16955629560567131,0.16955629560567131,2025,3,1,6
2025-03-31,0.16642492555953572,830307371.9494493,0.16642492555953572,0.16642492555953572,0.16642492555953572,2025,3,1,0
2025-04-01,0.16658416279748312,1345691695.4520378,0.16658416279748312,0.16658416279748312,0.16658416279748312,2025,4,2,1
2025-04-02,0.17426890464126327,1226397943.461258,0.17426890464126327,0.17426890464126327,0.17426890464126327,2025,4,2,2
2025-04-03,0.16424145213076016,1764099720.7163243,0.16424145213076016,0.16424145213076016,0.16424145213076016,2025,4,2,3
2025-04-04,0.16201946825238184,1222246072.0530603,0.16201946825238184,0.16201946825238184,0.16201946825238184,2025,4,2,4
2025-04-05,0.17105607575055004,1761401248.3904846,0.17105607575055004,0.17105607575055004,0.17105607575055004,2025,4,2,5
2025-04-06,0.16936834660585817,641157289.4817889,0.16936834660585817,0.16936834660585817,0.16936834660585817,2025,4,2,6
2025-04-07,0.1489432542832566,1301616555.750496,0.1489432542832566,0.1489432542832566,0.1489432542832566,2025,4,2,0
2025-04-08,0.14918497020443497,3584892367.483011,0.14918497020443497,0.14918497020443497,0.14918497020443497,2025,4,2,1
2025-04-09,0.14198151472944057,1942313541.7331955,0.14198151472944057,0.14198151472944057,0.14198151472944057,2025,4,2,2
2025-04-10,0.16055894504582743,2380965896.56504,0.16055894504582743,0.16055894504582743,0.16055894504582743,2025,4,2,3
2025-04-11,0.15390298849579126,1258486079.0766785,0.15390298849579126,0.15390298849579126,0.15390298849579126,2025,4,2,4
2025-04-12,0.15998899838417066,884950609.7365417,0.15998899838417066,0.15998899838417066,0.15998899838417066,2025,4,2,5
2025-04-13,0.1676649778139498,878035311.5158367,0.1676649778139498,0.1676649778139498,0.1676649778139498,2025,4,2,6
2025-04-14,0.16266937714088095,883332811.3620282,0.16266937714088095,0.16266937714088095,0.16266937714088095,2025,4,2,0
2025-04-15,0.15859949254254385,981131649.7028836,0.15859949254254385,0.15859949254254385,0.15859949254254385,2025,4,2,1
2025-04-16,0.15346609912402615,766817730.5676734,0.15346609912402615,0.15346609912402615,0.15346609912402615,2025,4,2,2
2025-04-17,0.15471755583387967,811820241.5800865,0.15471755583387967,0.15471755583387967,0.15471755583387967,2025,4,2,3
2025-04-18,0.15587153787530794,576830755.033105,0.15587153787530794,0.15587153787530794,0.15587153787530794,2025,4,2,4
2025-04-19,0.15761670017483884,463491541.12553006,0.15761670017483884,0.15761670017483884,0.15761670017483884,2025,4,2,5
2025-04-20,0.1573112204332398,465683707.3180399,0.1573112204332398,0.1573112204332398,0.1573112204332398,2025,4,2,6
2025-04-21,0.15502979487902038,627635503.5448277,0.15502979487902038,0.15502979487902038,0.15502979487902038,2025,4,2,0
2025-04-22,0.15908436227169534,1073037989.6116908,0.15908436227169534,0.15908436227169534,0.15908436227169534,2025,4,2,1
2025-04-23,0.17846828302254636,1711081936.272815,0.17846828302254636,0.17846828302254636,0.17846828302254636,2025,4,2,2
2025-04-24,0.178401008327384,1995530473.1645606,0.178401008327384,0.178401008327384,0.178401008327384,2025,4,2,3
2025-04-25,0.1827667552587444,1582350788.3865557,0.1827667552587444,0.1827667552587444,0.1827667552587444,2025,4,2,4
2025-04-26,0.18203103968675263,1843701071.9974282,0.18203103968675263,0.18203103968675263,0.18203103968675263,2025,4,2,5
2025-04-27,0.1818819719415684,1565227653.8490603,0.1818819719415684,0.1818819719415684,0.1818819719415684,2025,4,2,6
2025-04-28,0.17961827119108673,1169887084.9933372,0.17961827119108673,0.17961827119108673,0.17961827119108673,2025,4,2,0
2025-04-29,0.17906901640129896,1425140393.9800472,0.17906901640129896,0.17906901640129896,0.17906901640129896,2025,4,2,1
2025-04-30,0.17439945720299668,1024411673.6699723,0.17439945720299668,0.17439945720299668,0.17439945720299668,2025,4,2,2
2025-05-01,0.1724103485197474,984673872.4637718,0.1724103485197474,0.1724103485197474,0.1724103485197474,2025,5,2,3
2025-05-02,0.18070374109047424,1082529407.4818537,0.18070374109047424,0.18070374109047424,0.18070374109047424,2025,5,2,4
2025-05-03,0.181388087156242,1034181805.0957793,0.181388087156242,0.181388087156242,0.181388087156242,2025,5,2,5
2025-05-04,0.17576785161701966,588937633.3899407,0.17576785161701966,0.17576785161701966,0.17576785161701966,2025,5,2,6
2025-05-05,0.17071232656977398,630425272.9600186,0.17071232656977398,0.17071232656977398,0.17071232656977398,2025,5,2,0
2025-05-06,0.17065490621117071,692750494.2443322,0.17065490621117071,0.17065490621117071,0.17065490621117071,2025,5,2,1
2025-05-07,0.17232477779627986,858252275.6780319,0.17232477779627986,0.17232477779627986,0.17232477779627986,2025,5,2,2
2025-05-08,0.17211562672825226,712638970.1262684,0.17211562672825226,0.17211562672825226,0.17211562672825226,2025,5,2,3
2025-05-09,0.19718642657948848,2184563689.3913965,0.19718642657948848,0.19718642657948848,0.19718642657948848,2025,5,2,4
2025-05-10,0.20518315482145336,2680468298.856808,0.20518315482145336,0.20518315482145336,0.20518315482145336,2025,5,2,5
2025-05-11,0.24808618010965436,3646454138.724175,0.24808618010965436,0.24808618010965436,0.24808618010965436,2025,5,2,6
2025-05-12,0.23156210463126953,3947378387.2038565,0.23156210463126953,0.23156210463126953,0.23156210463126953,2025,5,2,0
2025-05-13,0.23141813764156494,5064612800.031126,0.23141813764156494,0.23141813764156494,0.23141813764156494,2025,5,2,1
2025-05-14,0.24063615504965347,3014744188.0036793,0.24063615504965347,0.24063615504965347,0.24063615504965347,2025,5,2,2
2025-05-15,0.2326880678038404,2454948301.1486807,0.2326880678038404,0.2326880678038404,0.2326880678038404,2025,5,2,3
2025-05-16,0.2188193912978982,2678224342.760629,0.2188193912978982,0.2188193912978982,0.2188193912978982,2025,5,2,4
2025-05-17,0.2225780495761936,1958996831.8259764,0.2225780495761936,0.2225780495761936,0.2225780495761936,2025,5,2,5
2025-05-18,0.21488311590610068,1513815302.0764408,0.21488311590610068,0.21488311590610068,0.21488311590610068,2025,5,2,6
2025-05-19,0.23064675587556407,2570476559.8316875,0.23064675587556407,0.23064675587556407,0.23064675587556407,2025,5,2,0
2025-05-20,0.22450514333500976,2376793956.561148,0.22450514333500976,0.22450514333500976,0.22450514333500976,2025,5,2,1
2025-05-21,0.2262524320952927,1922612443.9864995,0.2262524320952927,0.2262524320952927,0.2262524320952927,2025,5,2,2
2025-05-22,0.2341442300716922,3004714773.9630966,0.2341442300716922,0.2341442300716922,0.2341442300716922,2025,5,2,3
2025-05-23,0.24486878935117973,2941230875.1653132,0.24486878935117973,0.24486878935117973,0.24486878935117973,2025,5,2,4
2025-05-24,0.2256050681389216,3637150461.689047,0.2256050681389216,0.2256050681389216,0.2256050681389216,2025,5,2,5
2025-05-25,0.22526605771065214,1259477163.8986466,0.22526605771065214,0.22526605771065214,0.22526605771065214,2025,5,2,6
2025-05-26,0.22410051858731672,1545639564.3810167,0.22410051858731672,0.22410051858731672,0.22410051858731672,2025,5,2,0
2025-05-27,0.2257235127127771,1143793583.726899,0.2257235127127771,0.2257235127127771,0.2257235127127771,2025,5,2,1
2025-05-28,0.22613701089072946,1456507542.766112,0.22613701089072946,0.22613701089072946,0.22613701089072946,2025,5,2,2
2025-05-29,0.22106443772687143,1226851069.773066,0.22106443772687143,0.22106443772687143,0.22106443772687143,2025,5,2,3
2025-05-30,0.21583653318215457,1584406711.2735288,0.21583653318215457,0.21583653318215457,0.21583653318215457,2025,5,2,4
2025-05-31,0.19293898362115516,2378183690.790229,0.19293898362115516,0.19293898362115516,0.19293898362115516,2025,5,2,5
2025-06-01,0.19295707336811818,1504531665.3964663,0.19295707336811818,0.19295707336811818,0.19295707336811818,2025,6,2,6
2025-06-02,0.19396166511401375,911443941.2315271,0.19396166511401375,0.19396166511401375,0.19396166511401375,2025,6,2,0
2025-06-03,0.19561462907109173,978658402.706214,0.19561462907109173,0.19561462907109173,0.19561462907109173,2025,6,2,1
2025-06-04,0.1932015824493309,1022043262.7615937,0.1932015824493309,0.1932015824493309,0.1932015824493309,2025,6,2,2
2025-06-05,0.18839829903335972,747043585.3475871,0.18839829903335972,0.18839829903335972,0.18839829903335972,2025,6,2,3
2025-06-06,0.1718712124430595,1685747847.4578166,0.1718712124430595,0.1718712124430595,0.1718712124430595,2025,6,2,4
2025-06-07,0.1793030276082122,1265730397.487727,0.1793030276082122,0.1793030276082122,0.1793030276082122,2025,6,2,5
2025-06-08,0.18501664041068297,803511327.8148144,0.18501664041068297,0.18501664041068297,0.18501664041068297,2025,6,2,6
2025-06-09,0.18422270395966683,678570070.0225133,0.18422270395966683,0.18422270395966683,0.18422270395966683,2025,6,2,0
2025-06-10,0.19481978852801837,1210257482.7317545,0.19481978852801837,0.19481978852801837,0.19481978852801837,2025,6,2,1
2025-06-11,0.19785971093017923,1443670215.5619726,0.19785971093017923,0.19785971093017923,0.19785971093017923,2025,6,2,2
2025-06-12,0.1930335430982705,1615125585.5308516,0.1930335430982705,0.1930335430982705,0.1930335430982705,2025,6,2,3
2025-06-13,0.18169744621506415,1226127047.8703182,0.18169744621506415,0.18169744621506415,0.18169744621506415,2025,6,2,4
2025-06-14,0.18013678747049802,1845801962.6252491,0.18013678747049802,0.18013678747049802,0.18013678747049802,2025,6,2,5
2025-06-15,0.1784162711217158,769990081.9494456,0.1784162711217158,0.1784162711217158,0.1784162711217158,2025,6,2,6
2025-06-16,0.17577906724677725,738625978.9442667,0.17577906724677725,0.17577906724677725,0.17577906724677725,2025,6,2,0
2025-06-17,0.17378599934566444,1199123760.8001316,0.17378599934566444,0.17378599934566444,0.17378599934566444,2025,6,2,1
2025-06-18,0.16993733949907552,1280430419.7646747,0.16993733949907552,0.16993733949907552,0.16993733949907552,2025,6,2,2
2025-06-19,0.17037971945944577,1049946144.9695418,0.17037971945944577,0.17037971945944577,0.17037971945944577,2025,6,2,3
2025-06-20,0.17092098070802442,588664783.4255879,0.17092098070802442,0.17092098070802442,0.17092098070802442,2025,6,2,4
2025-06-21,0.16233193333616464,1237051244.9392583,0.16233193333616464,0.16233193333616464,0.16233193333616464,2025,6,2,5
2025-06-22,0.15308002215118727,917363601.712149,0.15308002215118727,0.15308002215118727,0.15308002215118727,2025,6,2,6
2025-06-23,0.15114781788974174,2107400665.563507,0.15114781788974174,0.15114781788974174,0.15114781788974174,2025,6,2,0
2025-06-24,0.16447256694307244,1476052213.0260837,0.16447256694307244,0.16447256694307244,0.16447256694307244,2025,6,2,1
2025-06-25,0.16561516104968574,1203882777.0264912,0.16561516104968574,0.16561516104968574,0.16561516104968574,2025,6,2,2
2025-06-26,0.16448390661542975,920508730.9793873,0.16448390661542975,0.16448390661542975,0.16448390661542975,2025,6,2,3
2025-06-27,0.1600423291811019,1004177048.9592903,0.1600423291811019,0.1600423291811019,0.1600423291811019,2025,6,2,4
2025-06-28,0.1610085986478116,689269157.2256726,0.1610085986478116,0.1610085986478116,0.1610085986478116,2025,6,2,5
2025-06-29,0.1637313288044104,431899971.54874885,0.1637313288044104,0.1637313288044104,0.1637313288044104,2025,6,2,6
2025-06-30,0.16954760970067637,610468369.8983374,0.16954760970067637,0.16954760970067637,0.16954760970067637,2025,6,2,0
2025-07-01,0.16513647959219713,945647952.4686167,0.16513647959219713,0.16513647959219713,0.16513647959219713,2025,7,3,1
2025-07-02,0.1575952425941886,740706410.3175782,0.1575952425941886,0.1575952425941886,0.1575952425941886,2025,7,3,2
2025-07-03,0.16892581001355808,1296201165.0491905,0.16892581001355808,0.16892581001355808,0.16892581001355808,2025,7,3,3
2025-07-04,0.17197045822677628,1460263401.587677,0.17197045822677628,0.17197045822677628,0.17197045822677628,2025,7,3,4
2025-07-05,0.1628779247346829,1166672769.5388994,0.1628779247346829,0.1628779247346829,0.1628779247346829,2025,7,3,5
2025-07-06,0.16431433970640547,504646523.890461,0.16431433970640547,0.16431433970640547,0.16431433970640547,2025,7,3,6
2025-07-07,0.1718463077672067,1283597162.6273847,0.1718463077672067,0.1718463077672067,0.1718463077672067,2025,7,3,0
2025-07-08,0.16786356600618882,1345775650.558815,0.16786356600618882,0.16786356600618882,0.16786356600618882,2025,7,3,1
2025-07-09,0.17098496244236958,914434551.8923894,0.17098496244236958,0.17098496244236958,0.17098496244236958,2025,7,3,2
2025-07-10,0.18082547920631353,1840121813.7065063,0.18082547920631353,0.18082547920631353,0.18082547920631353,2025,7,3,3
2025-07-11,0.19393383510790288,4680808041.302957,0.19393383510790288,0.19393383510790288,0.19393383510790288,2025,7,3,4
2025-07-12,0.20104732473533218,11922106373.55608,0.20104732473533218,0.20104732473533218,0.20104732473533218,2025,7,3,5
2025-07-13,0.1969316863516775,4736930630.668871,0.1969316863516775,0.1969316863516775,0.1969316863516775,2025,7,3,6
2025-07-14,0.1981830429850487,4047927478.517369,0.1981830429850487,0.1981830429850487,0.1981830429850487,2025,7,3,0
2025-07-15,0.19720159565229248,7958901487.951687,0.19720159565229248,0.19720159565229248,0.19720159565229248,2025,7,3,1
2025-07-16,0.1988073865760867,6150062246.882272,0.1988073865760867,0.1988073865760867,0.1988073865760867,2025,7,3,2
2025-07-17,0.21317019869379383,8703908987.238749,0.21317019869379383,0.21317019869379383,0.21317019869379383,2025,7,3,3
2025-07-18,0.21904854482534883,10686934874.27719,0.21904854482534883,0.21904854482534883,0.21904854482534883,2025,7,3,4
2025-07-19,0.23623310474250733,22595520295.463337,0.23623310474250733,0.23623310474250733,0.23623310474250733,2025,7,3,5
2025-07-20,0.24136273371397565,13194109287.318554,0.24136273371397565,0.24136273371397565,0.24136273371397565,2025,7,3,6
2025-07-21,0.27294634200835066,19568264636.543987,0.27294634200835066,0.27294634200835066,0.27294634200835066,2025,7,3,0
2025-07-22,0.2712676656637909,19724089022.900936,0.2712676656637909,0.2712676656637909,0.2712676656637909,2025,7,3,1
2025-07-23,0.26965305868671147,13570193608.69496,0.26965305868671147,0.26965305868671147,0.26965305868671147,2025,7,3,2
2025-07-24,0.24065455241490835,13277090960.170126,0.24065455241490835,0.24065455241490835,0.24065455241490835,2025,7,3,3
2025-07-25,0.23175612511358704,13115780350.729208,0.23175612511358704,0.23175612511358704,0.23175612511358704,2025,7,3,4
2025-07-26,0.23648246833968434,10617550354.59215,0.23648246833968434,0.23648246833968434,0.23648246833968434,2025,7,3,5
2025-07-27,0.23580457484737566,2550054072.1875014,0.23580457484737566,0.23580457484737566,0.23580457484737566,2025,7,3,6
2025-07-28,0.24051648808122306,2320603450.9149795,0.24051648808122306,0.24051648808122306,0.24051648808122306,2025,7,3,0
2025-07-29,0.2251397569003692,3724637353.297932,0.2251397569003692,0.2251397569003692,0.2251397569003692,2025,7,3,1
2025-07-30,0.22343167438710165,2278033222.709292,0.22343167438710165,0.22343167438710165,0.22343167438710165,2025,7,3,2
2025-07-31,0.2203174498049267,2167890918.319192,0.2203174498049267,0.2203174498049267,0.2203174498049267,2025,7,3,3
2025-08-01,0.2096463144206449,1805683883.5123882,0.2096463144206449,0.2096463144206449,0.2096463144206449,2025,8,3,4
2025-08-02,0.2010203069750151,3428039994.5355105,0.2010203069750151,0.2010203069750151,0.2010203069750151,2025,8,3,5
2025-08-03,0.1916269540469158,2210274745.363327,0.1916269540469158,0.1916269540469158,0.1916269540469158,2025,8,3,6
2025-08-04,0.19886328779242604,1336955076.0650904,0.19886328779242604,0.19886328779242604,0.19886328779242604,2025,8,3,0
2025-08-05,0.210479556777086,1782468201.5756187,0.210479556777086,0.210479556777086,0.210479556777086,2025,8,3,1
2025-08-06,0.1996421893552106,1463965752.726498,0.1996421893552106,0.1996421893552106,0.1996421893552106,2025,8,3,2
2025-08-07,0.20524481678624307,1137499719.461071,0.20524481678624307,0.20524481678624307,0.20524481678624307,2025,8,3,3
2025-08-08,0.22242594906092986,1915221615.4491138,0.22242594906092986,0.22242594906092986,0.22242594906092986,2025,8,3,4
2025-08-09,0.23035201883070147,2514417767.505087,0.23035201883070147,0.23035201883070147,0.23035201883070147,2025,8,3,5
2025-08-10,0.24079107603339342,2862262009.5341763,0.24079107603339342,0.24079107603339342,0.24079107603339342,2025,8,3,6
2025-08-11,0.2339151503650981,2105690993.7302308,0.2339151503650981,0.2339151503650981,0.2339151503650981,2025,8,3,0
2025-08-12,0.22279669505434282,2650792083.358086,0.22279669505434282,0.22279669505434282,0.22279669505434282,2025,8,3,1
2025-08-13,0.23628639605846,2434867946.673603,0.23628639605846,0.23628639605846,0.23628639605846,2025,8,3,2
2025-08-14,0.24549919437970946,3743269059.856254,0.24549919437970946,0.24549919437970946,0.24549919437970946,2025,8,3,3
2025-08-15,0.22418991808567507,5195154170.928724,0.22418991808567507,0.22418991808567507,0.22418991808567507,2025,8,3,4
2025-08-16,0.22821263671130274,4256951653.8378463,0.22821263671130274,0.22821263671130274,0.22821263671130274,2025,8,3,5
2025-08-17,0.23101920616038357,2650090531.492213,0.23101920616038357,0.23101920616038357,0.23101920616038357,2025,8,3,6
2025-08-18,0.23543563785814955,2391323803.13488,0.23543563785814955,0.23543563785814955,0.23543563785814955,2025,8,3,0
2025-08-19,0.22246056482373594,3164132782.1462517,0.22246056482373594,0.22246056482373594,0.22246056482373594,2025,8,3,1
2025-08-20,0.20911047499485522,2846325133.964973,0.20911047499485522,0.20911047499485522,0.20911047499485522,2025,8,3,2
2025-08-21,0.2215865077683421,3185686320.838252,0.2215865077683421,0.2215865077683421,0.2215865077683421,2025,8,3,3
2025-08-22,0.2146036803461823,2104104384.2466068,0.2146036803461823,0.2146036803461823,0.2146036803461823,2025,8,3,4
2025-08-23,0.24061883556812297,4456223342.6748,0.24061883556812297,0.24061883556812297,0.24061883556812297,2025,8,3,5
2025-08-24,0.2359037954047403,2481978240.0255656,0.2359037954047403,0.2359037954047403,0.2359037954047403,2025,8,3,6
2025-08-25,0.2317500228704948,3119480075.408564,0.2317500228704948,0.2317500228704948,0.2317500228704948,2025,8,3,0
2025-08-26,0.20977485568918428,3209114651.504627,0.20977485568918428,0.20977485568918428,0.20977485568918428,2025,8,3,1
2025-08-27,0.21848182440389716,2156426666.2800384,0.21848182440389716,0.21848182440389716,0.21848182440389716,2025,8,3,2
2025-08-28,0.2194773258086598,2129501447.3323112,0.2194773258086598,0.2194773258086598,0.2194773258086598,2025,8,3,3
2025-08-29,0.22436553868912731,1798100079.4822326,0.22436553868912731,0.22436553868912731,0.22436553868912731,2025,8,3,4
2025-08-30,0.21412824594263147,2262984917.085615,0.21412824594263147,0.21412824594263147,0.21412824594263147,2025,8,3,5
2025-08-31,0.2158248863195881,953490709.0340126,0.2158248863195881,0.2158248863195881,0.2158248863195881,2025,8,3,6
2025-09-01,0.2138121881539986,980742706.5821915,0.2138121881539986,0.2138121881539986,0.2138121881539986,2025,9,3,0
2025-09-02,0.21012014689720937,2610554715.582383,0.21012014689720937,0.21012014689720937,0.21012014689720937,2025,9,3,1
2025-09-03,0.21481484336477316,1960119906.0495563,0.21481484336477316,0.21481484336477316,0.21481484336477316,2025,9,3,2
2025-09-04,0.22060869712158182,1644323428.7362218,0.22060869712158182,0.22060869712158182,0.22060869712158182,2025,9,3,3
2025-09-05,0.21248433246322776,1348159815.400276,0.21248433246322776,0.21248433246322776,0.21248433246322776,2025,9,3,4
2025-09-06,0.21790522280347202,2080964319.0678818,0.21790522280347202,0.21790522280347202,0.21790522280347202,2025,9,3,5
2025-09-07,0.2160115789297136,1109021902.7686205,0.2160115789297136,0.2160115789297136,0.2160115789297136,2025,9,3,6
2025-09-08,0.22849209307593296,1803098275.17244,0.22849209307593296,0.22849209307593296,0.22849209307593296,2025,9,3,0
2025-09-09,0.24204451984067996,3499691101.119174,0.24204451984067996,0.24204451984067996,0.24204451984067996,2025,9,3,1
2025-09-10,0.24093291427061306,3983679513.3099904,0.24093291427061306,0.24093291427061306,0.24093291427061306,2025,9,3,2
2025-09-11,0.24543876456428945,2768174631.6824803,0.24543876456428945,0.24543876456428945,0.24543876456428945,2025,9,3,3
2025-09-12,0.25568309955896135,3698334549.8680463,0.25568309955896135,0.25568309955896135,0.25568309955896135,2025,9,3,4
2025-09-13,0.27551364279954654,4346151545.9657545,0.27551364279954654,0.27551364279954654,0.27551364279954654,2025,9,3,5
2025-09-14,0.28938440733977444,8814134295.680807,0.28938440733977444,0.28938440733977444,0.28938440733977444,2025,9,3,6
2025-09-15,0.2784558102769998,5536012339.200093,0.2784558102769998,0.2784558102769998,0.2784558102769998,2025,9,3,0
2025-09-16,0.2685387946986924,5596117361.866423,0.2685387946986924,0.2685387946986924,0.2685387946986924,2025,9,3,1
2025-09-17,0.2696531218328301,4041455928.527943,0.2696531218328301,0.2696531218328301,0.2696531218328301,2025,9,3,2
2025-09-18,0.282117441910369,4796448210.873294,0.282117441910369,0.282117441910369,0.282117441910369,2025,9,3,3
2025-09-19,0.2787643266477094,4321656784.85898,0.2787643266477094,0.2787643266477094,0.2787643266477094,2025,9,3,4
2025-09-20,0.26530671371919323,3277904141.6950765,0.26530671371919323,0.26530671371919323,0.26530671371919323,2025,9,3,5
2025-09-21,0.26755567404153896,1792202405.1960874,0.26755567404153896,0.26755567404153896,0.26755567404153896,2025,9,3,6
2025-09-22,0.2613348265545181,1734698906.3081462,0.2613348265545181,0.2613348265545181,0.2613348265545181,2025,9,3,0
2025-09-23,0.24128386887273082,5203576972.387224,0.24128386887273082,0.24128386887273082,0.24128386887273082,2025,9,3,1
2025-09-24,0.23761019733597175,2774165344.545794,0.23761019733597175,0.23761019733597175,0.23761019733597175,2025,9,3,2
2025-09-25,0.2407374057852932,3202133565.311215,0.2407374057852932,0.2407374057852932,0.2407374057852932,2025,9,3,3
2025-09-26,0.22239388412703953,4145472954.1742296,0.22239388412703953,0.22239388412703953,0.22239388412703953,2025,9,3,4
2025-09-27,0.2324576489429464,2901374244.867177,0.2324576489429464,0.2324576489429464,0.2324576489429464,2025,9,3,5
2025-09-28,0.2308267057962403,1270819090.2145033,0.2308267057962403,0.2308267057962403,0.2308267057962403,2025,9,3,6
2025-09-29,0.2373584240120973,1503357189.300699,0.2373584240120973,0.2373584240120973,0.2373584240120973,2025,9,3,0
2025-09-30,0.23517093556073534,2294600863.467682,0.23517093556073534,0.23517093556073534,0.23517093556073534,2025,9,3,1
2025-10-01,0.2327703853015738,2028125144.741923,0.2327703853015738,0.2327703853015738,0.2327703853015738,2025,10,4,2
2025-10-02,0.24806693017750128,2779083637.1088796,0.24806693017750128,0.24806693017750128,0.24806693017750128,2025,10,4,3
2025-10-03,0.2617674571494343,3461397003.0761466,0.2617674571494343,0.2617674571494343,0.2617674571494343,2025,10,4,4
2025-10-04,0.2585990689382798,3163596710.6928363,0.2585990689382798,0.2585990689382798,0.2585990689382798,2025,10,4,5
2025-10-05,0.25088714295062026,1913004411.6609137,0.25088714295062026,0.25088714295062026,0.25088714295062026,2025,10,4,6
2025-10-06,0.25296284027536836,3110470554.8030787,0.25296284027536836,0.25296284027536836,0.25296284027536836,2025,10,4,0
2025-10-07,0.2663063497515599,3799101519.920578,0.2663063497515599,0.2663063497515599,0.2663063497515599,2025,10,4,1
2025-10-08,0.2474019998363525,3858405947.0936546,0.2474019998363525,0.2474019998363525,0.2474019998363525,2025,10,4,2
2025-10-09,0.2554779705215659,2833194614.214027,0.2554779705215659,0.2554779705215659,0.2554779705215659,2025,10,4,3
2025-10-10,0.24844379648914036,2920843495.681609,0.24844379648914036,0.24844379648914036,0.24844379648914036,2025,10,4,4
2025-10-11,0.19398560680787477,8100992365.578244,0.19398560680787477,0.19398560680787477,0.19398560680787477,2025,10,4,5
2025-10-12,0.18563301824171755,6261439168.809738,0.18563301824171755,0.18563301824171755,0.18563301824171755,2025,10,4,6
2025-10-13,0.20753659744853606,4841592543.587542,0.20753659744853606,0.20753659744853606,0.20753659744853606,2025,10,4,0
2025-10-14,0.21394989838012946,4517341896.36684,0.21394989838012946,0.21394989838012946,0.21394989838012946,2025,10,4,1
2025-10-15,0.20468099791201283,4523252918.613466,0.20468099791201283,0.20468099791201283,0.20468099791201283,2025,10,4,2
2025-10-16,0.196125970301963,2627147443.7439065,0.196125970301963,0.196125970301963,0.196125970301963,2025,10,4,3
2025-10-17,0.1882065213549952,3241355827.074683,0.1882065213549952,0.1882065213549952,0.1882065213549952,2025,10,4,4
2025-10-18,0.18491410819207602,3111350004.410424,0.18491410819207602,0.18491410819207602,0.18491410819207602,2025,10,4,5
2025-10-19,0.18954325759734506,1190809147.2150729,0.18954325759734506,0.18954325759734506,0.18954325759734506,2025,10,4,6
2025-10-20,0.19520501124976605,1874656604.6280694,0.19520501124976605,0.19520501124976605,0.19520501124976605,2025,10,4,0
2025-10-21,0.19996595879779044,1988836300.0409455,0.19996595879779044,0.19996595879779044,0.19996595879779044,2025,10,4,1
2025-10-22,0.19449991155015053,2606141928.3068,0.19449991155015053,0.19449991155015053,0.19449991155015053,2025,10,4,2
2025-10-23,0.19001323956155677,2371226307.507437,0.19001323956155677,0.19001323956155677,0.19001323956155677,2025,10,4,3
2025-10-24,0.19477691026790134,1629446544.6487563,0.19477691026790134,0.19477691026790134,0.19477691026790134,2025,10,4,4
2025-10-25,0.19764132779850196,1406384513.7077901,0.19764132779850196,0.19764132779850196,0.19764132779850196,2025,10,4,5
2025-10-26,0.1965943046754672,1075226620.2515786,0.1965943046754672,0.1965943046754672,0.1965943046754672,2025,10,4,6
2025-10-27,0.20584151036172318,1581145815.6572616,0.20584151036172318,0.20584151036172318,0.20584151036172318,2025,10,4,0
2025-10-28,0.20052168840914944,1848345428.0483458,0.20052168840914944,0.20052168840914944,0.20052168840914944,2025,10,4,1
2025-10-29,0.19376247597702617,2597073599.5679064,0.19376247597702617,0.19376247597702617,0.19376247597702617,2025,10,4,2
2025-10-30,0.19235527078076486,2375728222.566507,0.19235527078076486,0.19235527078076486,0.19235527078076486,2025,10,4,3
2025-10-31,0.18266494236534228,2891292517.566665,0.18266494236534228,0.18266494236534228,0.18266494236534228,2025,10,4,4
2025-11-01,0.18645789100238466,1466701649.803549,0.18645789100238466,0.18645789100238466,0.18645789100238466,2025,11,4,5
2025-11-02,0.18727035305980386,789950913.1850047,0.18727035305980386,0.18727035305980386,0.18727035305980386,2025,11,4,6
2025-11-03,0.18638051983144605,900673677.7260317,0.18638051983144605,0.18638051983144605,0.18638051983144605,2025,11,4,0
2025-11-04,0.167088259411484,3426878777.3470144,0.167088259411484,0.167088259411484,0.167088259411484,2025,11,4,1
2025-11-05,0.16288015004301348,4512763314.77479,0.16288015004301348,0.16288015004301348,0.16288015004301348,2025,11,4,2
2025-11-06,0.16736363848179914,2113003898.9125488,0.16736363848179914,0.16736363848179914,0.16736363848179914,2025,11,4,3
2025-11-07,0.1611765350860604,1761191836.4377356,0.1611765350860604,0.1611765350860604,0.1611765350860604,2025,11,4,4
2025-11-08,0.1789825325849445,2851625365.5900655,0.1789825325849445,0.1789825325849445,0.1789825325849445,2025,11,4,5
2025-11-09,0.17626014280423438,2106413764.2230885,0.17626014280423438,0.17626014280423438,0.17626014280423438,2025,11,4,6
2025-11-10,0.17908925000194684,1521006933.2410104,0.17908925000194684,0.17908925000194684,0.17908925000194684,2025,11,4,0
2025-11-11,0.18201794457446172,2095025563.8574345,0.18201794457446172,0.18201794457446172,0.18201794457446172,2025,11,4,1
2025-11-12,0.17195486145155725,1988978371.391877,0.17195486145155725,0.17195486145155725,0.17195486145155725,2025,11,4,2
2025-11-13,0.16994324383769366,1713240661.560612,0.16994324383769366,0.16994324383769366,0.16994324383769366,2025,11,4,3
2025-11-14,0.16419843945294735,2562744822.687431,0.16419843945294735,0.16419843945294735,0.16419843945294735,2025,11,4,4
2025-11-15,0.15788017890783018,2934556865.1146245,0.15788017890783018,0.15788017890783018,0.15788017890783018,2025,11,4,5
2025-11-16,0.16317232050926925,1223449546.6316926,0.16317232050926925,0.16317232050926925,0.16317232050926925,2025,11,4,6
2025-11-17,0.158885342685653,1692258688.5815175,0.158885342685653,0.158885342685653,0.158885342685653,2025,11,4,0
2025-11-18,0.1517259112655674,2717616379.7304535,0.1517259112655674,0.1517259112655674,0.1517259112655674,2025,11,4,1
2025-11-19,0.16157155927313305,2393557029.342254,0.16157155927313305,0.16157155927313305,0.16157155927313305,2025,11,4,2
2025-11-20,0.15417594591610392,2189972407.907937,0.15417594591610392,0.15417594591610392,0.15417594591610392,2025,11,4,3
2025-11-21,0.14936991802723154,2468814238.2201114,0.14936991802723154,0.14936991802723154,0.14936991802723154,2025,11,4,4
2025-11-22,0.14013650514225232,3589044220.798609,0.14013650514225232,0.14013650514225232,0.14013650514225232,2025,11,4,5
2025-11-23,0.14033744565020795,1492192275.7281125,0.14033744565020795,0.14033744565020795,0.14033744565020795,2025,11,4,6
2025-11-24,0.14503697936177498,1306921819.1593063,0.14503697936177498,0.14503697936177498,0.14503697936177498,2025,11,4,0
2025-11-25,0.15186545225017462,1856045680.0088677,0.15186545225017462,0.15186545225017462,0.15186545225017462,2025,11,4,1
2025-11-26,0.153133415915494,1547034401.0443873,0.153133415915494,0.153133415915494,0.153133415915494,2025,11,4,2
2025-11-27,0.15477076595978345,1513151991.0229554,0.15477076595978345,0.15477076595978345,0.15477076595978345,2025,11,4,3
2025-11-28,0.15276775634393502,920734455.2144679,0.15276775634393502,0.15276775634393502,0.15276775634393502,2025,11,4,4
2025-11-29,0.15031711838482992,1272576836.807874,0.15031711838482992,0.15031711838482992,0.15031711838482992,2025,11,4,5
2025-11-30,0.14857021850589083,653723151.0664574,0.14857021850589083,0.14857021850589083,0.14857021850589083,2025,11,4,6
2025-12-01,0.1466972817557756,721432628.5486178,0.1466972817557756,0.1466972817557756,0.1466972817557756,2025,12,4,0
2025-12-02,0.13577829077263187,1969111942.4169123,0.13577829077263187,0.13577829077263187,0.13577829077263187,2025,12,4,1
2025-12-03,0.14610777122799323,1467716733.3996437,0.14610777122799323,0.14610777122799323,0.14610777122799323,2025,12,4,2
2025-12-04,0.1519490079014202,1463453403.0980887,0.1519490079014202,0.1519490079014202,0.1519490079014202,2025,12,4,3
2025-12-05,0.14750673884052382,1199996534.8057668,0.14750673884052382,0.14750673884052382,0.14750673884052382,2025,12,4,4
2025-12-06,0.1395574899025586,1214940408.8488455,0.1395574899025586,0.1395574899025586,0.1395574899025586,2025,12,4,5
2025-12-07,0.13961195908450463,665841222.598522,0.13961195908450463,0.13961195908450463,0.13961195908450463,2025,12,4,6
2025-12-08,0.13819070715307746,1063844819.6406808,0.13819070715307746,0.13819070715307746,0.13819070715307746,2025,12,4,0
2025-12-09,0.14257837526799885,1129204428.9511545,0.14257837526799885,0.14257837526799885,0.14257837526799885,2025,12,4,1
2025-12-10,0.14814206543382394,1718540912.263944,0.14814206543382394,0.14814206543382394,0.14814206543382394,2025,12,4,2
2025-12-11,0.1435711895887641,1447500678.612225,0.1435711895887641,0.1435711895887641,0.1435711895887641,2025,12,4,3
2025-12-12,0.1404521990424531,1496443910.4202259,0.1404521990424531,0.1404521990424531,0.1404521990424531,2025,12,4,4
2025-12-13,0.1369938792828775,1073821005.3000586,0.1369938792828775,0.1369938792828775,0.1369938792828775,2025,12,4,5
2025-12-14,0.1391364520130514,507076566.20012134,0.1391364520130514,0.1391364520130514,0.1391364520130514,2025,12,4,6
2025-12-15,0.1342511327270273,832606252.9814545,0.1342511327270273,0.1342511327270273,0.1342511327270273,2025,12,4,0
2025-12-16,0.1296670313047204,1316670944.9694571,0.1296670313047204,0.1296670313047204,0.1296670313047204,2025,12,4,1
2025-12-17,0.13163341300230058,1055650226.5846183,0.13163341300230058,0.13163341300230058,0.13163341300230058,2025,12,4,2
2025-12-18,0.12617529888873202,1340216870.5505364,0.12617529888873202,0.12617529888873202,0.12617529888873202,2025,12,4,3
2025-12-19,0.12198946840416328,1757030418.0158772,0.12198946840416328,0.12198946840416328,0.12198946840416328,2025,12,4,4
2025-12-20,0.13223152145074435,1468906026.8405657,0.13223152145074435,0.13223152145074435,0.13223152145074435,2025,12,4,5
2025-12-21,0.13196089899121477,517883479.213873,0.13196089899121477,0.13196089899121477,0.13196089899121477,2025,12,4,6
2025-12-22,0.13107332764314425,637658360.8216943,0.13107332764314425,0.13107332764314425,0.13107332764314425,2025,12,4,0
2025-12-23,0.1324352250363626,1076904263.4595106,0.1324352250363626,0.1324352250363626,0.1324352250363626,2025,12,4,1
2025-12-24,0.12928287561180404,936274179.5466805,0.12928287561180404,0.12928287561180404,0.12928287561180404,2025,12,4,2
2025-12-25,0.12854637499400673,606433366.9428862,0.12854637499400673,0.12854637499400673,0.12854637499400673,2025,12,4,3
2025-12-26,0.1234735692376755,719527790.079642,0.1234735692376755,0.1234735692376755,0.1234735692376755,2025,12,4,4
2025-12-27,0.12199701828520598,1092602992.6854556,0.12199701828520598,0.12199701828520598,0.12199701828520598,2025,12,4,5
2025-12-28,0.12427372973988156,497107048.1218145,0.12427372973988156,0.12427372973988156,0.12427372973988156,2025,12,4,6
2025-12-29,0.12385595413327449,473196468.44849706,0.12385595413327449,0.12385595413327449,0.12385595413327449,2025,12,4,0
2025-12-30,0.12271386178229453,1061416930.683591,0.12271386178229453,0.12271386178229453,0.12271386178229453,2025,12,4,1
2025-12-31,0.1232611486337809,906778692.2955539,0.1232611486337809,0.1232611486337809,0.1232611486337809,2025,12,4,2
2026-01-01,0.11728672656235732,1007820054.8179834,0.11728672656235732,0.11728672656235732,0.11728672656235732,2026,1,1,3
2026-01-02,0.1266112971022498,1300858443.793732,0.1266112971022498,0.1266112971022498,0.1266112971022498,2026,1,1,4
2026-01-03,0.14153587561690467,3157651397.334022,0.14153587561690467,0.14153587561690467,0.14153587561690467,2026,1,1,5
2026-01-04,0.14302827593489156,1551881204.1109443,0.14302827593489156,0.14302827593489156,0.14302827593489156,2026,1,1,6
2026-01-05,0.14924315542751718,2334478146.095094,0.14924315542751718,0.14924315542751718,0.14924315542751718,2026,1,1,0
2026-01-06,0.1519393256021509,2070348594.2398338,0.1519393256021509,0.1519393256021509,0.1519393256021509,2026,1,1,1
2026-01-07,0.15067949515748766,2198136226.9361835,0.15067949515748766,0.15067949515748766,0.15067949515748766,2026,1,1,2
2026-01-08,0.14618070296026994,1434882082.205344,0.14618070296026994,0.14618070296026994,0.14618070296026994,2026,1,1,3
2026-01-09,0.14198298288524971,1588958622.0678587,0.14198298288524971,0.14198298288524971,0.14198298288524971,2026,1,1,4
2026-01-10,0.14049286062279476,1221485941.0304425,0.14049286062279476,0.14049286062279476,0.14049286062279476,2026,1,1,5
2026-01-11,0.13956550382681582,443153260.9392499,0.13956550382681582,0.13956550382681582,0.13956550382681582,2026,1,1,6
2026-01-12,0.13762170063565354,769733483.6176198,0.13762170063565354,0.13762170063565354,0.13762170063565354,2026,1,1,0
2026-01-13,0.13657612595384463,1282979688.4430864,0.13657612595384463,0.13657612595384463,0.13657612595384463,2026,1,1,1
2026-01-14,0.14775768523242752,1795687445.1508782,0.14775768523242752,0.14775768523242752,0.14775768523242752,2026,1,1,2
2026-01-15,0.14717593171884386,1715558937.285555,0.14717593171884386,0.14717593171884386,0.14717593171884386,2026,1,1,3
2026-01-16,0.13999017295875318,1477102786.953857,0.13999017295875318,0.13999017295875318,0.13999017295875318,2026,1,1,4
2026-01-17,0.13803590837513685,1331984168.8187118,0.13803590837513685,0.13803590837513685,0.13803590837513685,2026,1,1,5
2026-01-18,0.1377750977423629,579609198.7088249,0.1377750977423629,0.1377750977423629,0.1377750977423629,2026,1,1,6
2026-01-19,0.13205020983220853,769812737.7247313,0.13205020983220853,0.13205020983220853,0.13205020983220853,2026,1,1,0
2026-01-20,0.12913260545675517,1895947016.68821,0.12913260545675517,0.12913260545675517,0.12913260545675517,2026,1,1,1
2026-01-21,0.1232505409033576,1210321126.2257624,0.1232505409033576,0.1232505409033576,0.1232505409033576,2026,1,1,2
2026-01-22,0.12644451176398563,1518701620.2713366,0.12644451176398563,0.12644451176398563,0.12644451176398563,2026,1,1,3
2026-01-23,0.12415563067569813,767476355.9029032,0.12415563067569813,0.12415563067569813,0.12415563067569813,2026,1,1,4
2026-01-24,0.12459272073883498,834701811.5708479,0.12459272073883498,0.12459272073883498,0.12459272073883498,2026,1,1,5
2026-01-25,0.12407396440823537,345124746.0165281,0.12407396440823537,0.12407396440823537,0.12407396440823537,2026,1,1,6
2026-01-26,0.11928718890285936,974724398.8980706,0.11928718890285936,0.11928718890285936,0.11928718890285936,2026,1,1,0
2026-01-27,0.12234335135625338,1075145356.1210701,0.12234335135625338,0.12234335135625338,0.12234335135625338,2026,1,1,1
2026-01-28,0.126058502608312,1049583014.561851,0.126058502608312,0.126058502608312,0.126058502608312,2026,1,1,2
2026-01-29,0.12488805275945465,1000570363.163675,0.12488805275945465,0.12488805275945465,0.12488805275945465,2026,1,1,3
2026-01-30,0.11710772670706057,1741317203.3263252,0.11710772670706057,0.11710772670706057,0.11710772670706057,2026,1,1,4
2026-01-31,0.11570615704260108,1669905331.352712,0.11570615704260108,0.11570615704260108,0.11570615704260108,2026,1,1,5
2026-02-01,0.10391816890451142,2749642215.501718,0.10391816890451142,0.10391816890451142,0.10391816890451142,2026,2,1,6
2026-02-02,0.10446571067651927,1575804137.1201124,0.10446571067651927,0.10446571067651927,0.10446571067651927,2026,2,1,0
2026-02-03,0.10791475617863952,2071984392.3646946,0.10791475617863952,0.10791475617863952,0.10791475617863952,2026,2,1,1
2026-02-04,0.10558766312015572,2014318853.1480677,0.10558766312015572,0.10558766312015572,0.10558766312015572,2026,2,1,2
2026-02-05,0.10407129714856796,1708915274.9465678,0.10407129714856796,0.10407129714856796,0.10407129714856796,2026,2,1,3
2026-02-06,0.08853350658392219,3404168488.660444,0.08853350658392219,0.08853350658392219,0.08853350658392219,2026,2,1,4
2026-02-07,0.09851068367968456,3172530832.486354,0.09851068367968456,0.09851068367968456,0.09851068367968456,2026,2,1,5
2026-02-08,0.09828204802987388,1654308178.2965865,0.09828204802987388,0.09828204802987388,0.09828204802987388,2026,2,1,6
2026-02-09,0.09679508755158638,835334406.4252865,0.09679508755158638,0.09679508755158638,0.09679508755158638,2026,2,1,0
2026-02-10,0.09612223186470982,1000106276.1541272,0.09612223186470982,0.09612223186470982,0.09612223186470982,2026,2,1,1
2026-02-11,0.0926891019115639,841784485.8419981,0.0926891019115639,0.0926891019115639,0.0926891019115639,2026,2,1,2
2026-02-12,0.09098504799968382,1068360377.0398524,0.09098504799968382,0.09098504799968382,0.09098504799968382,2026,2,1,3
2026-02-13,0.09297230134330874,886907418.7294163,0.09297230134330874,0.09297230134330874,0.09297230134330874,2026,2,1,4
2026-02-14,0.09648780963693444,889716923.2091713,0.09648780963693444,0.09648780963693444,0.09648780963693444,2026,2,1,5
2026-02-15,0.11102387044534862,1715743837.0708518,0.11102387044534862,0.11102387044534862,0.11102387044534862,2026,2,1,6
2026-02-16,0.10263274360387378,2653592914.957005,0.10263274360387378,0.10263274360387378,0.10263274360387378,2026,2,1,0
2026-02-17,0.10101283473720928,1243781182.3286667,0.10101283473720928,0.10101283473720928,0.10101283473720928,2026,2,1,1
2026-02-18,0.10065712113902656,993938216.1421916,0.10065712113902656,0.10065712113902656,0.10065712113902656,2026,2,1,2
2026-02-19,0.0984655266513993,746755391.6199518,0.0984655266513993,0.0984655266513993,0.0984655266513993,2026,2,1,3
2026-02-20,0.09826304027116836,834502669.2904996,0.09826304027116836,0.09826304027116836,0.09826304027116836,2026,2,1,4
2026-02-21,0.10008076429796753,1145555551.4943995,0.10008076429796753,0.10008076429796753,0.10008076429796753,2026,2,1,5
2026-02-22,0.09852639805510928,505655657.6196845,0.09852639805510928,0.09852639805510928,0.09852639805510928,2026,2,1,6
2026-02-23,0.09524627651516329,540837896.9966838,0.09524627651516329,0.09524627651516329,0.09524627651516329,2026,2,1,0
2026-02-24,0.09259698111404983,1104239561.8084035,0.09259698111404983,0.09259698111404983,0.09259698111404983,2026,2,1,1
2026-02-25,0.0914313497566651,843999895.0416377,0.0914313497566651,0.0914313497566651,0.0914313497566651,2026,2,1,2
2026-02-26,0.10040550652510143,1849354951.672553,0.10040550652510143,0.10040550652510143,0.10040550652510143,2026,2,1,3
2026-02-27,0.09706278741592801,1147885739.8302946,0.09706278741592801,0.09706278741592801,0.09706278741592801,2026,2,1,4
2026-02-28,0.09333407883760456,1015488718.6713424,0.09333407883760456,0.09333407883760456,0.09333407883760456,2026,2,1,5
2026-03-01,0.09409555390986618,1597457259.1465123,0.09409555390986618,0.09409555390986618,0.09409555390986618,2026,3,1,6
2026-03-02,0.09190272619858843,1338065093.2226324,0.09190272619858843,0.09190272619858843,0.09190272619858843,2026,3,1,0
2026-03-03,0.09359787766200474,1317555718.857931,0.09359787766200474,0.09359787766200474,0.09359787766200474,2026,3,1,1
2026-03-04,0.09006591141967334,1449162579.5209005,0.09006591141967334,0.09006591141967334,0.09006591141967334,2026,3,1,2
2026-03-05,0.09917644037818434,2772877221.6497636,0.09917644037818434,0.09917644037818434,0.09917644037818434,2026,3,1,3
